conclusion_type,tp,fp,fn,tn,precision,sensitivity,specificity,npv,fpr,accuracy,fscore,iou,mcc,auc,ci
at least 1 detection,0.4853801131248474,0.049707602709531784,0.002923976629972458,0.46198830008506775,0.9071021286030677,0.9940099403193994,0.9028553770053102,0.9937085543122374,0.0971426687127808,0.9473674729008801,0.9485690750917752,0.9021739081403592,0.8988360465104133,0.9484345594525235,0.052939140262957554
at least 2 detections,0.4649122953414917,0.002923976629972458,0.023391813039779663,0.5087719559669495,0.9937478760132843,0.9520938596826752,0.9942837714208528,0.9560421613714832,0.0057142742973520155,0.9736832377254236,0.9724745309250772,0.9464285657950681,0.9480824044971877,0.973190761334474,0.05296005959829714
at least 3 detections,0.4181286692619324,0.0,0.07017543911933899,0.511695921421051,0.9999976083974099,0.856285674847897,0.9999980457181621,0.8793954759181798,0.0,0.9298236331484466,0.9225781144425085,0.856287420022231,0.8677617625796531,0.9281437125748503,0.052353695780820685
at least 4 detections,0.2982456088066101,0.0,0.19005848467350006,0.511695921421051,0.999996647070007,0.6107771817021982,0.9999980457181621,0.7291656280480547,0.0,0.8099407082178959,0.7583619049654794,0.6107784394564165,0.6673495178573874,0.8053892215568863,0.048557741352451105
