conclusion_type,tp,fp,fn,tn,precision,sensitivity,specificity,npv,fpr,accuracy,fscore,iou,mcc,auc,ci
at least 1 detection,0.4853801131248474,0.049707602709531784,0.002923976629972458,0.46198830008506775,0.9071021286030677,0.9940099403193994,0.9028553770053102,0.9937085543122374,0.0971426687127808,0.9473674729008801,0.9485690750917752,0.9021739081403592,0.8988360465104133,0.9484345594525235,0.052939140262957554
at least 2 detections,0.4707602262496948,0.0,0.017543859779834747,0.511695921421051,0.9999978757808753,0.9640698811423526,0.9999980457181621,0.9668490025654783,0.0,0.9824551578957267,0.9817047695997309,0.9640718505145398,0.9654564730703779,0.9820359281437125,0.05297915326916046
at least 3 detections,0.429824560880661,0.0,0.05847953259944916,0.511695921421051,0.9999976734747977,0.8802377174019153,0.9999980457181621,0.8974343254845341,0.0,0.9415195267524511,0.9363031944044516,0.8802395156871885,0.888792529696442,0.9401197604790419,0.052544679868289826
at least 4 detections,0.3245614171028137,0.0,0.16374269127845764,0.511695921421051,0.999996918928541,0.6646693051783402,0.9999980457181621,0.7575746399829464,0.0,0.8362564773450023,0.7985587121069417,0.6646706547025709,0.7096013552064526,0.8323353293413174,0.04969586627241296
