conclusion_type,tp,fp,fn,tn,precision,sensitivity,specificity,npv,fpr,accuracy,fscore,iou,mcc,auc,ci
at least 1 detection,0.48830410838127136,0.07894736528396606,0.0,0.4327485263347626,0.8608232331295972,0.9999979521000645,0.845712634614182,0.9999976891944667,0.1542854111038663,0.9210517136643204,0.9252055108570316,0.8608247378308004,0.8532326244874555,0.9228571428571429,0.05258773775434588
at least 2 detections,0.4736842215061188,0.005847953259944916,0.01461988314986229,0.5058479309082031,0.9878028183080383,0.9700578941107673,0.9885694960416782,0.9719082435778157,0.011428549676341642,0.9795311838302522,0.9788494413538056,0.9585798759847345,0.9591691549478111,0.9793156544054746,0.053025489770660045
at least 3 detections,0.4356725215911865,0.0,0.05263157933950424,0.511695921421051,0.9999977047032917,0.8922137425163315,0.9999980457181621,0.9067341463906742,0.0,0.94736747446945,0.9430354355104916,0.8922155635196672,0.8994427322123718,0.9461077844311377,0.05262893207285696
at least 4 detections,0.3274853825569153,0.0,0.16081871092319489,0.511695921421051,0.9999969464379185,0.6706573143092855,0.9999980457181621,0.7608684420277165,0.0,0.8391804522927508,0.8028649382944377,0.6706586786188103,0.7143384625875636,0.8353293413173652,0.049811050539637594
